filename,lens_id,width_a_mm,height_b_mm,nasal,notes
16227.png,identity_unconfirmed,,,,Agent visually reviewed OpenCV pseudo-label; no independent expert/caliper ground truth; marker side user measured 37.2mm
16228.png,identity_unconfirmed,,,,Agent visually reviewed OpenCV pseudo-label; no independent expert/caliper ground truth; marker side user measured 37.2mm
16229.png,identity_unconfirmed,,,,Agent visually reviewed OpenCV pseudo-label; no independent expert/caliper ground truth; marker side user measured 37.2mm
16230.png,identity_unconfirmed,,,,Agent visually reviewed OpenCV pseudo-label; no independent expert/caliper ground truth; marker side user measured 37.2mm
16232.png,identity_unconfirmed,,,,Agent visually reviewed OpenCV pseudo-label; no independent expert/caliper ground truth; marker side user measured 37.2mm
16233.png,identity_unconfirmed,,,,Agent visually reviewed OpenCV pseudo-label; no independent expert/caliper ground truth; marker side user measured 37.2mm
16234.png,identity_unconfirmed,,,,Agent visually reviewed OpenCV pseudo-label; no independent expert/caliper ground truth; marker side user measured 37.2mm
16240.png,identity_unconfirmed,,,,Agent visually reviewed OpenCV pseudo-label; no independent expert/caliper ground truth; marker side user measured 37.2mm
16243.png,identity_unconfirmed,,,,Agent visually reviewed OpenCV pseudo-label; no independent expert/caliper ground truth; marker side user measured 37.2mm
16244.png,identity_unconfirmed,,,,Agent visually reviewed OpenCV pseudo-label; no independent expert/caliper ground truth; marker side user measured 37.2mm
16245.png,identity_unconfirmed,,,,Agent visually reviewed OpenCV pseudo-label; no independent expert/caliper ground truth; marker side user measured 37.2mm
16246.png,identity_unconfirmed,,,,Agent visually reviewed OpenCV pseudo-label; no independent expert/caliper ground truth; marker side user measured 37.2mm
16249.png,identity_unconfirmed,,,,Agent visually reviewed OpenCV pseudo-label; no independent expert/caliper ground truth; marker side user measured 37.2mm
16250.png,identity_unconfirmed,,,,Agent visually reviewed OpenCV pseudo-label; no independent expert/caliper ground truth; marker side user measured 37.2mm
16251.png,identity_unconfirmed,,,,Agent visually reviewed OpenCV pseudo-label; no independent expert/caliper ground truth; marker side user measured 37.2mm
16253.png,identity_unconfirmed,,,,Agent visually reviewed OpenCV pseudo-label; no independent expert/caliper ground truth; marker side user measured 37.2mm
16254.png,identity_unconfirmed,,,,Agent visually reviewed OpenCV pseudo-label; no independent expert/caliper ground truth; marker side user measured 37.2mm
16256.png,identity_unconfirmed,,,,Agent visually reviewed OpenCV pseudo-label; no independent expert/caliper ground truth; marker side user measured 37.2mm
16258.png,identity_unconfirmed,,,,Agent visually reviewed OpenCV pseudo-label; no independent expert/caliper ground truth; marker side user measured 37.2mm
